bldg_id,upgrade,weight,applicability,in.sqft,in.representative_income,in.ahs_region,in.aiannh_area,in.area_median_income,in.ashrae_iecc_climate_zone_2004,in.ashrae_iecc_climate_zone_2004_2_a_split,in.bathroom_spot_vent_hour,in.battery,in.bedrooms,in.building_america_climate_zone,in.cec_climate_zone,in.ceiling_fan,in.census_division,in.census_division_recs,in.census_region,in.city,in.clothes_dryer,in.clothes_dryer_usage_level,in.clothes_washer,in.clothes_washer_presence,in.clothes_washer_usage_level,in.cooking_range,in.cooking_range_usage_level,in.cooling_setpoint,in.cooling_setpoint_has_offset,in.cooling_setpoint_offset_magnitude,in.cooling_setpoint_offset_period,in.corridor,in.county,in.county_and_puma,in.county_name,in.dehumidifier,in.dishwasher,in.dishwasher_usage_level,in.door_area,in.doors,in.duct_leakage_and_insulation,in.duct_location,in.eaves,in.electric_vehicle,in.emissions_electricity_folders,in.emissions_electricity_units,in.emissions_electricity_values_or_filepaths,in.emissions_fossil_fuel_units,in.emissions_scenario_names,in.emissions_types,in.energystar_climate_zone_2023,in.federal_poverty_level,in.generation_and_emissions_assessment_region,in.geometry_attic_type,in.geometry_building_horizontal_location_mf,in.geometry_building_horizontal_location_sfa,in.geometry_building_level_mf,in.geometry_building_number_units_mf,in.geometry_building_number_units_sfa,in.geometry_building_type_acs,in.geometry_building_type_height,in.geometry_building_type_recs,in.geometry_floor_area,in.geometry_floor_area_bin,in.geometry_foundation_type,in.geometry_garage,in.geometry_space_combination,in.geometry_stories,in.geometry_stories_low_rise,in.geometry_story_bin,in.geometry_wall_exterior_finish,in.geometry_wall_type,in.ground_thermal_conductivity,in.has_pv,in.heating_fuel,in.heating_setpoint,in.heating_setpoint_has_offset,in.heating_setpoint_offset_magnitude,in.heating_setpoint_offset_period,in.holiday_lighting,in.hot_water_distribution,in.hot_water_fixtures,in.household_has_tribal_persons,in.hvac_cooling_efficiency,in.hvac_cooling_partial_space_conditioning,in.hvac_cooling_type,in.hvac_has_ducts,in.hvac_has_shared_system,in.hvac_has_zonal_electric_heating,in.hvac_heating_efficiency,in.hvac_heating_type,in.hvac_heating_type_and_fuel,in.hvac_secondary_heating_efficiency,in.hvac_secondary_heating_fuel,in.hvac_secondary_heating_partial_space_conditioning,in.hvac_shared_efficiencies,in.hvac_system_is_faulted,in.hvac_system_single_speed_ac_airflow,in.hvac_system_single_speed_ac_charge,in.hvac_system_single_speed_ashp_airflow,in.hvac_system_single_speed_ashp_charge,in.income,in.income_recs_2015,in.income_recs_2020,in.infiltration,in.insulation_ceiling,in.insulation_floor,in.insulation_foundation_wall,in.insulation_rim_joist,in.insulation_roof,in.insulation_slab,in.insulation_wall,in.interior_shading,in.iso_rto_region,in.lighting,in.lighting_interior_use,in.lighting_other_use,in.location_region,in.mechanical_ventilation,in.misc_extra_refrigerator,in.misc_freezer,in.misc_gas_fireplace,in.misc_gas_grill,in.misc_gas_lighting,in.misc_hot_tub_spa,in.misc_pool,in.misc_pool_heater,in.misc_pool_pump,in.misc_well_pump,in.natural_ventilation,in.neighbors,in.occupants,in.orientation,in.overhangs,in.plug_load_diversity,in.plug_loads,in.puma,in.puma_metro_status,in.pv_orientation,in.pv_system_size,in.radiant_barrier,in.range_spot_vent_hour,in.reeds_balancing_area,in.refrigerator,in.refrigerator_usage_level,in.roof_material,in.simulation_control_run_period_begin_day_of_month,in.simulation_control_run_period_begin_month,in.simulation_control_run_period_calendar_year,in.simulation_control_run_period_end_day_of_month,in.simulation_control_run_period_end_month,in.simulation_control_timestep,in.solar_hot_water,in.state,in.tenure,in.units_represented,in.usage_level,in.utility_bill_electricity_fixed_charges,in.utility_bill_electricity_marginal_rates,in.utility_bill_fuel_oil_fixed_charges,in.utility_bill_fuel_oil_marginal_rates,in.utility_bill_natural_gas_fixed_charges,in.utility_bill_natural_gas_marginal_rates,in.utility_bill_propane_fixed_charges,in.utility_bill_propane_marginal_rates,in.utility_bill_scenario_names,in.utility_bill_simple_filepaths,in.vacancy_status,in.vintage,in.vintage_acs,in.water_heater_efficiency,in.water_heater_fuel,in.water_heater_in_unit,in.water_heater_location,in.weather_file_city,in.weather_file_latitude,in.weather_file_longitude,in.window_areas,in.windows,out.params.door_area_ft_2,out.params.duct_unconditioned_surface_area_ft_2,out.params.floor_area_attic_ft_2,out.params.floor_area_attic_insulation_increase_ft_2_delta_r_value,out.params.floor_area_conditioned_infiltration_reduction_ft_2_delta_ach_50,out.params.floor_area_foundation_ft_2,out.params.floor_area_lighting_ft_2,out.params.flow_rate_mechanical_ventilation_cfm,out.params.rim_joist_area_above_grade_exterior_ft_2,out.params.roof_area_ft_2,out.params.size_cooling_system_primary_k_btu_h,out.params.size_heat_pump_backup_primary_k_btu_h,out.params.size_heating_system_primary_k_btu_h,out.params.size_heating_system_secondary_k_btu_h,out.params.size_water_heater_gal,out.params.slab_perimeter_exposed_conditioned_ft,out.params.wall_area_above_grade_conditioned_ft_2,out.params.wall_area_above_grade_exterior_ft_2,out.params.wall_area_below_grade_ft_2,out.params.window_area_ft_2,out.electricity.ceiling_fan.energy_consumption.kwh,out.electricity.clothes_dryer.energy_consumption.kwh,out.electricity.clothes_washer.energy_consumption.kwh,out.electricity.cooling.energy_consumption.kwh,out.electricity.cooling_fans_pumps.energy_consumption.kwh,out.electricity.dishwasher.energy_consumption.kwh,out.electricity.freezer.energy_consumption.kwh,out.electricity.heating.energy_consumption.kwh,out.electricity.heating_fans_pumps.energy_consumption.kwh,out.electricity.heating_hp_bkup.energy_consumption.kwh,out.electricity.heating_hp_bkup_fa.energy_consumption.kwh,out.electricity.hot_water.energy_consumption.kwh,out.electricity.lighting_exterior.energy_consumption.kwh,out.electricity.lighting_garage.energy_consumption.kwh,out.electricity.lighting_interior.energy_consumption.kwh,out.electricity.mech_vent.energy_consumption.kwh,out.electricity.net.energy_consumption.kwh,out.electricity.permanent_spa_heat.energy_consumption.kwh,out.electricity.permanent_spa_pump.energy_consumption.kwh,out.electricity.plug_loads.energy_consumption.kwh,out.electricity.pool_heater.energy_consumption.kwh,out.electricity.pool_pump.energy_consumption.kwh,out.electricity.pv.energy_consumption.kwh,out.electricity.range_oven.energy_consumption.kwh,out.electricity.refrigerator.energy_consumption.kwh,out.electricity.total.energy_consumption.kwh,out.electricity.well_pump.energy_consumption.kwh,out.fuel_oil.heating.energy_consumption.kwh,out.fuel_oil.heating_hp_bkup.energy_consumption.kwh,out.fuel_oil.hot_water.energy_consumption.kwh,out.fuel_oil.total.energy_consumption.kwh,out.natural_gas.clothes_dryer.energy_consumption.kwh,out.natural_gas.fireplace.energy_consumption.kwh,out.natural_gas.grill.energy_consumption.kwh,out.natural_gas.heating.energy_consumption.kwh,out.natural_gas.heating_hp_bkup.energy_consumption.kwh,out.natural_gas.hot_water.energy_consumption.kwh,out.natural_gas.lighting.energy_consumption.kwh,out.natural_gas.permanent_spa_heat.energy_consumption.kwh,out.natural_gas.pool_heater.energy_consumption.kwh,out.natural_gas.range_oven.energy_consumption.kwh,out.natural_gas.total.energy_consumption.kwh,out.propane.clothes_dryer.energy_consumption.kwh,out.propane.heating.energy_consumption.kwh,out.propane.heating_hp_bkup.energy_consumption.kwh,out.propane.hot_water.energy_consumption.kwh,out.propane.range_oven.energy_consumption.kwh,out.propane.total.energy_consumption.kwh,out.site_energy.net.energy_consumption.kwh,out.site_energy.total.energy_consumption.kwh,out.hot_water.clothes_washer.gal,out.hot_water.dishwasher.gal,out.hot_water.distribution_waste.gal,out.hot_water.fixtures.gal,out.load.cooling.energy_delivered.kbtu,out.load.heating.energy_delivered.kbtu,out.load.hot_water.energy_delivered.kbtu,out.electricity.summer.peak.kw,out.electricity.winter.peak.kw,out.load.cooling.peak.kbtu_hr,out.load.heating.peak.kbtu_hr,out.unmet_hours.cooling.hour,out.unmet_hours.heating.hour,out.emissions.all_fuels.lrmer_high_re_cost_15.co2e_kg,out.emissions.all_fuels.lrmer_low_re_cost_15.co2e_kg,out.emissions.all_fuels.lrmer_mid_case_15.co2e_kg,out.emissions.all_fuels.lrmer_mid_case_25.co2e_kg,out.emissions.electricity.lrmer_high_re_cost_15.co2e_kg,out.emissions.electricity.lrmer_low_re_cost_15.co2e_kg,out.emissions.electricity.lrmer_mid_case_15.co2e_kg,out.emissions.electricity.lrmer_mid_case_25.co2e_kg,out.emissions.fuel_oil.lrmer_high_re_cost_15.co2e_kg,out.emissions.fuel_oil.lrmer_low_re_cost_15.co2e_kg,out.emissions.fuel_oil.lrmer_mid_case_15.co2e_kg,out.emissions.fuel_oil.lrmer_mid_case_25.co2e_kg,out.emissions.natural_gas.lrmer_high_re_cost_15.co2e_kg,out.emissions.natural_gas.lrmer_low_re_cost_15.co2e_kg,out.emissions.natural_gas.lrmer_mid_case_15.co2e_kg,out.emissions.natural_gas.lrmer_mid_case_25.co2e_kg,out.emissions.propane.lrmer_high_re_cost_15.co2e_kg,out.emissions.propane.lrmer_low_re_cost_15.co2e_kg,out.emissions.propane.lrmer_mid_case_15.co2e_kg,out.emissions.propane.lrmer_mid_case_25.co2e_kg,out.bills.all_fuels.usd,out.bills.electricity.usd,out.bills.fuel_oil.usd,out.bills.natural_gas.usd,out.bills.propane.usd,out.energy_burden.percentage,heating_electricity_kwh,cooling_electricity_kwh,thermal_electricity_kwh,nonthermal_electricity_kwh,heating_tons,cooling_tons,tons,applicability5,upgrade_tons_heating,upgrade_tons_cooling
407376,0,252.30163873025225,TRUE,2678,149501,Non-CBSA South Atlantic,No,150%+,4A,4A,Hour1,None,3,Mixed-Humid,None,None,South Atlantic,South Atlantic,South,"VA, Chesapeake",Electric,80% Usage,EnergyStar,Yes,80% Usage,Propane,80% Usage,75,No,0F,None,Not Applicable,G5105500,"G5105500, G51055002",Chesapeake city,None,318 Rated kWh,80% Usage,20 ft^2,Fiberglass,"20% Leakage to Outside, Uninsulated",Crawlspace,2 ft,None,"data/cambium/2022/LRMER_LowRECost_15,data/cambium/2022/LRMER_MidCase_15,data/cambium/2022/LRMER_HighRECost_15,data/cambium/2022/LRMER_MidCase_25","kg/MWh,kg/MWh,kg/MWh,kg/MWh","/lib/resources/data/cambium/2022/LRMER_LowRECost_15/SRVCc.csv,/lib/resources/data/cambium/2022/LRMER_MidCase_15/SRVCc.csv,/lib/resources/data/cambium/2022/LRMER_HighRECost_15/SRVCc.csv,/lib/resources/data/cambium/2022/LRMER_MidCase_25/SRVCc.csv","lb/MBtu,lb/MBtu,lb/MBtu,lb/MBtu","LRMER_LowRECost_15,LRMER_MidCase_15,LRMER_HighRECost_15,LRMER_MidCase_25","CO2e,CO2e,CO2e,CO2e",North-Central,400%+,SRVCc,None,None,None,None,None,None,Single-Family Detached,Single-Family Detached,Single-Family Detached,2500-2999,2500-3999,Vented Crawlspace,2 Car,"Single-Family Detached, Vented Crawlspace, No Attic, 2 Car Garage",2,2,<8,None,Brick,1.4,No,Electricity,68,No,0F,None,No Exterior Use,Uninsulated,50% Usage,No,"AC, SEER 10",100% Conditioned,Central AC,Yes,None,No,"Electric Furnace, 100% AFUE",Ducted Heating,Electricity Electric Furnace,None,None,None,None,No,None,None,None,None,140000-159999,140000+,100000-149999,15 ACH50,None,Uninsulated,Uninsulated,Uninsulated,"Finished, R-38",None,"Brick, 12-in, 3-wythe, Uninsulated","Summer = 0.7, Winter = 0.85",PJM,100% Incandescent,100% Usage,100% Usage,CR08,None,None,None,None,None,None,None,None,None,None,None,"Cooling Season, 7 days/wk",Left/Right at 15ft,2,North,None,50%,106%,G51055002,"In metro area, not/partially in principal city",None,None,No,Hour8,99,EF 19.9,95% Usage,"Asphalt Shingles, Medium",1,1,2018,31,12,15,None,VA,Owner,1,Low,10,0.118883665,0,2.964423077,11.25,1.115200174,0,3.202576923,Utility Rates - Fixed + Variable,data/simple_rates/State.tsv,Occupied,1970s,1960-79,Natural Gas Premium,Natural Gas,Yes,Living Space,Norfolk Intl Arpt,36.9,-76.19,F12 B12 L12 R12,"Double, Clear, Non-metal, Air",20,743.15,0,0,0,1051,3254,0,117.6,1627,56.42,0,88.65,0,40,0,2635.8,2827.8,611,281.8,0,320.0336086280667,18.756548491022222,7060.668222589177,829.391128587389,77.95690466581111,0,19678.550077784035,381.8716044344055,0,0,0,233.5776429272611,99.9372349287278,2786.812806267661,21.980330262916667,33244.51684498603,0,0,1348.4199938623944,0,0,0,22.273401333088888,363.9942691539,33244.51684498603,0,0,0,0,0,0,0,0,0,0,1893.2391133125552,0,0,0,0,1893.2391133125552,0,0,0,0,650.9108468525055,650.9108468525055,35788.66680515109,35788.66680515109,244.6,581.1,1507.9,3925.8,54210,68446,2991,9.6979,24.5747,33.465,73.439,0,0,10062.5657108592,6891.310943393801,9061.5009580403,8016.2563083834,9451.8897672045,6280.634999739101,8450.8250143856,7405.5803647287,0,0,0,0,431.5886041313,431.5886041313,431.5886041313,431.5886041313,179.0873395234,179.0873395234,179.0873395234,179.0873395234,4246.910003686176,3962.230003686176,0,207.04,77.64,2.84,19678.550077784035,7060.668222589177,26739.218300373213,6505.298544612815,7.3875,4.701666666666667,7.3875,TRUE,7.189166666666666,7.189166666666666
25228,0,252.30163873025225,TRUE,2179,169054,Non-CBSA South Atlantic,No,150%+,4A,4A,Hour0,None,3,Mixed-Humid,None,Standard Efficiency,South Atlantic,South Atlantic,South,"VA, Virginia Beach",Electric,100% Usage,Standard,Yes,100% Usage,Electric Resistance,100% Usage,72,Yes,5F,Night Setback +1h,Not Applicable,G5108100,"G5108100, G51051164",Virginia Beach city,None,290 Rated kWh,100% Usage,20 ft^2,Fiberglass,"20% Leakage to Outside, Uninsulated",Crawlspace,2 ft,None,"data/cambium/2022/LRMER_LowRECost_15,data/cambium/2022/LRMER_MidCase_15,data/cambium/2022/LRMER_HighRECost_15,data/cambium/2022/LRMER_MidCase_25","kg/MWh,kg/MWh,kg/MWh,kg/MWh","/lib/resources/data/cambium/2022/LRMER_LowRECost_15/SRVCc.csv,/lib/resources/data/cambium/2022/LRMER_MidCase_15/SRVCc.csv,/lib/resources/data/cambium/2022/LRMER_HighRECost_15/SRVCc.csv,/lib/resources/data/cambium/2022/LRMER_MidCase_25/SRVCc.csv","lb/MBtu,lb/MBtu,lb/MBtu,lb/MBtu","LRMER_LowRECost_15,LRMER_MidCase_15,LRMER_HighRECost_15,LRMER_MidCase_25","CO2e,CO2e,CO2e,CO2e",North-Central,400%+,SRVCc,Vented Attic,None,None,None,None,None,Single-Family Detached,Single-Family Detached,Single-Family Detached,2000-2499,1500-2499,Vented Crawlspace,None,"Single-Family Detached, Vented Crawlspace, Vented Attic, No Garage",1,1,<8,"Brick, Medium/Dark",Wood Frame,1.1,No,Electricity,70,No,0F,None,No Exterior Use,Uninsulated,100% Usage,No,"AC, SEER 13",100% Conditioned,Central AC,Yes,None,No,"Electric Furnace, 100% AFUE",Ducted Heating,Electricity Electric Furnace,None,None,None,None,No,None,None,None,None,160000-179999,140000+,150000+,15 ACH50,R-30,Uninsulated,Uninsulated,Uninsulated,"Unfinished, Uninsulated",None,"Wood Stud, R-11","Summer = 0.7, Winter = 0.85",PJM,100% Incandescent,100% Usage,100% Usage,CR08,None,None,None,None,None,None,None,None,None,None,None,"Cooling Season, 7 days/wk",Left/Right at 15ft,3,West,None,100%,106%,G51051164,"In metro area, principal city",None,None,No,Hour9,99,EF 19.9,100% Usage,"Asphalt Shingles, Medium",1,1,2018,31,12,15,None,VA,Owner,1,Medium,10,0.118883665,0,2.964423077,11.25,1.115200174,0,3.202576923,Utility Rates - Fixed + Variable,data/simple_rates/State.tsv,Occupied,1980s,1980-99,Electric Standard,Electricity,Yes,Living Space,Chesapeake,36.9,-75.72,F12 B12 L12 R12,"Double, Clear, Metal, Air",20,697.28,2179,0,0,2179,2179,0,150.2,2436.2,39.66,0,63.75,0,50,0,1558.6,1861.2,779.4,187,81.76682857805001,999.9584914276222,37.513096982044445,5739.5038382528,941.0512063230055,125.72748910388331,0,15848.11119063309,367.2180509257944,0,0,2984.9288497040834,208.66660196262225,0,2358.6359727460444,21.980330262916667,33422.70405565074,0,0,2853.0468681265834,0,0,0,471.25828083693335,383.3369597852667,33422.70405565074,0,0,0,0,0,0,0,0,0,0,0,0,0,0,0,0,0,0,0,0,0,0,33422.70405565074,33422.70405565074,1754,899,4023.9,11977.3,67952,55299,9118,10.6572,23.6459,33.713,61.16,107.25,0,9391.5937334604,6028.1382710549005,8217.1296894379,7216.3779153543,9391.5937334604,6028.1382710549005,8217.1296894379,7216.3779153543,0,0,0,0,0,0,0,0,0,0,0,0,3983.413552346124,3983.413552346124,0,0,0,2.36,15848.11119063309,5739.5038382528,21587.61502888589,11835.08902676485,5.3125,3.3049999999999997,5.3125,TRUE,5.115,5.115
427573,0,252.30163873025225,TRUE,2179,64407,Non-CBSA South Atlantic,No,100-120%,4A,4A,Hour6,None,3,Mixed-Humid,None,None,South Atlantic,South Atlantic,South,Not in a census Place,Electric,80% Usage,EnergyStar,Yes,80% Usage,Electric Resistance,80% Usage,72,No,0F,None,Not Applicable,G5100410,"G5100410, G51004103",Chesterfield County,None,318 Rated kWh,80% Usage,20 ft^2,Fiberglass,"20% Leakage to Outside, Uninsulated",Crawlspace,2 ft,None,"data/cambium/2022/LRMER_LowRECost_15,data/cambium/2022/LRMER_MidCase_15,data/cambium/2022/LRMER_HighRECost_15,data/cambium/2022/LRMER_MidCase_25","kg/MWh,kg/MWh,kg/MWh,kg/MWh","/lib/resources/data/cambium/2022/LRMER_LowRECost_15/SRVCc.csv,/lib/resources/data/cambium/2022/LRMER_MidCase_15/SRVCc.csv,/lib/resources/data/cambium/2022/LRMER_HighRECost_15/SRVCc.csv,/lib/resources/data/cambium/2022/LRMER_MidCase_25/SRVCc.csv","lb/MBtu,lb/MBtu,lb/MBtu,lb/MBtu","LRMER_LowRECost_15,LRMER_MidCase_15,LRMER_HighRECost_15,LRMER_MidCase_25","CO2e,CO2e,CO2e,CO2e",North-Central,400%+,SRVCc,Vented Attic,None,None,None,None,None,Single-Family Detached,Single-Family Detached,Single-Family Detached,2000-2499,1500-2499,Vented Crawlspace,1 Car,"Single-Family Detached, Vented Crawlspace, Vented Attic, 1 Car Garage",1,1,<8,None,Brick,1.4,No,Electricity,70,Yes,3F,Night -4h,No Exterior Use,Uninsulated,50% Usage,No,"AC, SEER 15",100% Conditioned,Central AC,Yes,None,No,"Electric Furnace, 100% AFUE",Ducted Heating,Electricity Electric Furnace,None,None,None,None,No,None,None,None,None,60000-69999,60000-79999,60000-99999,30 ACH50,R-13,Uninsulated,Uninsulated,Uninsulated,"Unfinished, Uninsulated",None,"Brick, 12-in, 3-wythe, R-7","Summer = 0.7, Winter = 0.85",PJM,100% LED,100% Usage,100% Usage,CR08,None,None,"EF 12, National Average",None,None,None,None,None,None,None,None,"Cooling Season, 7 days/wk",Left/Right at 15ft,1,Southeast,None,50%,106%,G51004103,"In metro area, not/partially in principal city",None,None,No,Hour14,99,EF 10.5,95% Usage,Composition Shingles,1,1,2018,31,12,15,None,VA,Owner,1,Low,10,0.118883665,0,2.964423077,11.25,1.115200174,0,3.202576923,Utility Rates - Fixed + Variable,data/simple_rates/State.tsv,Occupied,1970s,1960-79,Electric Standard,Electricity,Yes,Living Space,Dinwiddie Co,37.18,-77.5,F15 B15 L15 R15,"Double, Low-E, Non-metal, Air, M-Gain",20,697.28,2179,0,0,2179,2467,0,155,2758.1,62.02,0,96.38,0,50,0,1609.4,2142,804.8,212.6,0,220.68251583968333,12.895127087577777,3722.002591187222,667.6158978523222,48.35672657841667,320.0336086280667,27309.534602928354,568.8509472042833,0,0,788.0681076931056,34.87545735049444,16.705050999816667,576.1777239585889,21.980330262916667,36381.842651179664,0,0,1111.6185691632388,0,0,0,271.67688204965003,691.0615834661,36381.842651179664,0,0,0,0,0,0,0,0,0,0,0,0,0,0,0,0,0,0,0,0,0,0,36381.842651179664,36381.842651179664,168.6,360,621.3,2042.4,44657,94967,1633,7.3646,30.3395,36.047,99.052,0,34.5,10500.5363596364,7248.8642008937,9681.2079257817,8439.7346809391,10500.5363596364,7248.8642008937,9681.2079257817,8439.7346809391,0,0,0,0,0,0,0,0,0,0,0,0,4335.206793825555,4335.206793825555,0,0,0,6.73,27309.534602928354,3722.002591187222,31031.537194115575,5350.305457064089,8.031666666666666,5.168333333333334,8.031666666666666,TRUE,7.822500000000001,7.822500000000001
281196,0,252.30163873025225,TRUE,1698,54667,Non-CBSA South Atlantic,No,30-60%,4A,4A,Hour5,None,3,Mixed-Humid,None,Standard Efficiency,South Atlantic,South Atlantic,South,"VA, Hampton",Electric,120% Usage,Standard,Yes,120% Usage,Electric Resistance,120% Usage,68,No,0F,None,Not Applicable,G5106500,"G5106500, G51051186",Hampton city,None,None,120% Usage,20 ft^2,Fiberglass,"30% Leakage to Outside, Uninsulated",Crawlspace,2 ft,None,"data/cambium/2022/LRMER_LowRECost_15,data/cambium/2022/LRMER_MidCase_15,data/cambium/2022/LRMER_HighRECost_15,data/cambium/2022/LRMER_MidCase_25","kg/MWh,kg/MWh,kg/MWh,kg/MWh","/lib/resources/data/cambium/2022/LRMER_LowRECost_15/SRVCc.csv,/lib/resources/data/cambium/2022/LRMER_MidCase_15/SRVCc.csv,/lib/resources/data/cambium/2022/LRMER_HighRECost_15/SRVCc.csv,/lib/resources/data/cambium/2022/LRMER_MidCase_25/SRVCc.csv","lb/MBtu,lb/MBtu,lb/MBtu,lb/MBtu","LRMER_LowRECost_15,LRMER_MidCase_15,LRMER_HighRECost_15,LRMER_MidCase_25","CO2e,CO2e,CO2e,CO2e",North-Central,150-200%,SRVCc,Vented Attic,None,None,None,None,None,Single-Family Detached,Single-Family Detached,Single-Family Detached,1500-1999,1500-2499,Vented Crawlspace,None,"Single-Family Detached, Vented Crawlspace, Vented Attic, No Garage",1,1,<8,"Vinyl, Light",Wood Frame,1.4,No,Electricity,68,No,0F,None,No Exterior Use,Uninsulated,200% Usage,No,"AC, SEER 13",100% Conditioned,Central AC,Yes,None,No,"Electric Furnace, 100% AFUE",Ducted Heating,Electricity Electric Furnace,None,None,None,None,No,None,None,None,None,50000-59999,40000-59999,40000-59999,15 ACH50,R-30,Ceiling R-19,Uninsulated,Uninsulated,"Unfinished, Uninsulated",None,"Wood Stud, R-11","Summer = 0.7, Winter = 0.85",None,100% Incandescent,100% Usage,100% Usage,CR08,None,None,None,None,None,None,None,None,None,None,Typical Efficiency,"Cooling Season, 7 days/wk",Left/Right at 15ft,5,South,None,200%,106%,G51051186,"In metro area, principal city",None,None,No,Hour13,99,EF 19.9,105% Usage,Composition Shingles,1,1,2018,31,12,15,None,VA,Owner,1,High,10,0.118883665,0,2.964423077,11.25,1.115200174,0,3.202576923,Utility Rates - Fixed + Variable,data/simple_rates/State.tsv,Occupied,1990s,1980-99,Electric Standard,Electricity,Yes,Living Space,Langley Afb Hampton,37.08,-76.35,F15 B15 L15 R15,"Double, Clear, Non-metal, Air",20,543.36,1698,0,0,1698,1698,0,132.6,1898.4,31.96,0,51.33,0,50,0,1376,1611.8,688,206.4,81.76682857805001,1768.9769795595332,66.23406185892222,6908.857408239967,1197.4883927237,0,0,7793.345898019733,167.6366521385111,0,0,8046.266231578361,184.6347742085,0,1945.6988348733837,21.980330262916667,36488.813591792525,0,0,6659.1608564532335,0,0,0,723.885543325389,402.38657934646113,36488.813591792525,520.7872916960389,0,0,0,0,0,0,0,0,0,0,0,0,0,0,0,0,0,0,0,0,0,36488.813591792525,36488.813591792525,3104.9,0,10790.7,40300.3,80233,27163,26343,14.7336,24.533900000000003,26.991,51.317,830,0,9765.5035318225,5880.008610784001,8152.6243185002,7207.0520562271,9765.5035318225,5880.008610784001,8152.6243185002,7207.0520562271,0,0,0,0,0,0,0,0,0,0,0,0,4347.923891294109,4347.923891294109,0,0,0,7.95,7793.345898019733,6908.857408239967,14702.2033062597,21786.610285532824,4.2775,2.6633333333333336,4.2775,TRUE,4.700833333333333,4.700833333333333
104221,0,252.30163873025225,TRUE,2678,63747,Non-CBSA South Atlantic,No,100-120%,4A,4A,Hour0,None,5,Mixed-Humid,None,Standard Efficiency,South Atlantic,South Atlantic,South,In another census Place,Electric,100% Usage,EnergyStar,Yes,100% Usage,Electric Resistance,100% Usage,70,No,0F,None,Not Applicable,G5108200,"G5108200, G51051080",Waynesboro city,None,290 Rated kWh,100% Usage,20 ft^2,Fiberglass,"10% Leakage to Outside, R-4",Garage,2 ft,None,"data/cambium/2022/LRMER_LowRECost_15,data/cambium/2022/LRMER_MidCase_15,data/cambium/2022/LRMER_HighRECost_15,data/cambium/2022/LRMER_MidCase_25","kg/MWh,kg/MWh,kg/MWh,kg/MWh","/lib/resources/data/cambium/2022/LRMER_LowRECost_15/SRVCc.csv,/lib/resources/data/cambium/2022/LRMER_MidCase_15/SRVCc.csv,/lib/resources/data/cambium/2022/LRMER_HighRECost_15/SRVCc.csv,/lib/resources/data/cambium/2022/LRMER_MidCase_25/SRVCc.csv","lb/MBtu,lb/MBtu,lb/MBtu,lb/MBtu","LRMER_LowRECost_15,LRMER_MidCase_15,LRMER_HighRECost_15,LRMER_MidCase_25","CO2e,CO2e,CO2e,CO2e",North-Central,300-400%,SRVCc,None,None,None,None,None,None,Single-Family Detached,Single-Family Detached,Single-Family Detached,2500-2999,2500-3999,Slab,2 Car,"Single-Family Detached, Slab, No Attic, 2 Car Garage",2,2,<8,"Brick, Medium/Dark",Wood Frame,1.7,No,Electricity,68,No,0F,None,No Exterior Use,Uninsulated,100% Usage,No,"AC, SEER 13",100% Conditioned,Central AC,Yes,None,No,"Electric Furnace, 100% AFUE",Ducted Heating,Electricity Electric Furnace,None,None,None,None,No,None,None,None,None,60000-69999,60000-79999,60000-99999,15 ACH50,None,None,None,None,"Finished, R-13",Uninsulated,"Wood Stud, R-11","Summer = 0.7, Winter = 0.85",PJM,100% CFL,100% Usage,100% Usage,CR08,None,None,None,None,Gas Grill,None,None,None,None,None,None,"Cooling Season, 7 days/wk",Left/Right at 15ft,2,South,None,100%,106%,G51051080,Not/partially in metro area,None,None,No,Hour17,99,EF 17.6,100% Usage,"Metal, Dark",1,1,2018,31,12,15,None,VA,Owner,1,Medium,10,0.118883665,0,2.964423077,11.25,1.115200174,0,3.202576923,Utility Rates - Fixed + Variable,data/simple_rates/State.tsv,Occupied,1980s,1980-99,Electric Premium,Electricity,Yes,Living Space,Shenandoah Valley Rg,38.26,-78.88,F12 B12 L12 R12,"Single, Clear, Non-metal",20,743.15,0,0,0,1051,3254,0,0,1627,45.97,0,88.79,0,66,116.7,2635.8,2827.8,0,281.8,67.99248827995555,400.04201078508333,23.44568561377778,3702.366829485683,595.8134856601278,91.1451028235611,0,25893.122120786004,626.2928769580388,0,0,2209.7558690985556,58.32114296427223,24.91104096463889,891.5221954639,27.255609526016663,38147.88892003747,0,0,2696.839987724789,0,0,0,405.6103611183555,433.4521127847167,38147.88892003747,0,0,0,0,0,0,0,885.6607740604555,0,0,0,0,0,0,0,885.6607740604555,0,0,0,0,0,0,39033.54969409793,39033.54969409793,305.7,651.3,3253,8469.3,41792,90486,6878,10.7396,26.5532,35.528,81.121,0.5,0,11228.134808506,7617.448824832,10222.5930989952,8948.8830444167,11026.195485382,7415.509501708,10020.6537758712,8746.9437212927,0,0,0,0,201.939323124,201.939323124,201.939323124,201.939323124,0,0,0,0,4713.870846826947,4545.160846826947,0,168.71,0,7.39,25893.122120786004,3702.366829485683,29595.488950271687,8552.399969765782,7.399166666666667,3.830833333333333,7.399166666666667,TRUE,7.3475,7.3475
497987,0,252.30163873025225,TRUE,2179,92315,Non-CBSA South Atlantic,No,120-150%,4A,4A,Hour4,None,4,Mixed-Humid,None,None,South Atlantic,South Atlantic,South,Not in a census Place,Electric,120% Usage,Standard,Yes,120% Usage,Electric Resistance,120% Usage,68,Yes,5F,Night Setback -5h,Not Applicable,G5100750,"G5100750, G51051215",Goochland County,None,318 Rated kWh,120% Usage,20 ft^2,Fiberglass,"10% Leakage to Outside, R-4",Attic,2 ft,None,"data/cambium/2022/LRMER_LowRECost_15,data/cambium/2022/LRMER_MidCase_15,data/cambium/2022/LRMER_HighRECost_15,data/cambium/2022/LRMER_MidCase_25","kg/MWh,kg/MWh,kg/MWh,kg/MWh","/lib/resources/data/cambium/2022/LRMER_LowRECost_15/SRVCc.csv,/lib/resources/data/cambium/2022/LRMER_MidCase_15/SRVCc.csv,/lib/resources/data/cambium/2022/LRMER_HighRECost_15/SRVCc.csv,/lib/resources/data/cambium/2022/LRMER_MidCase_25/SRVCc.csv","lb/MBtu,lb/MBtu,lb/MBtu,lb/MBtu","LRMER_LowRECost_15,LRMER_MidCase_15,LRMER_HighRECost_15,LRMER_MidCase_25","CO2e,CO2e,CO2e,CO2e",North-Central,400%+,SRVCc,Vented Attic,None,None,None,None,None,Single-Family Detached,Single-Family Detached,Single-Family Detached,2000-2499,1500-2499,Slab,1 Car,"Single-Family Detached, Slab, Vented Attic, 1 Car Garage",1,1,<8,"Brick, Medium/Dark",Wood Frame,1.4,No,Electricity,70,Yes,3F,Night,No Exterior Use,Uninsulated,200% Usage,No,"AC, SEER 13",100% Conditioned,Central AC,Yes,None,No,"Electric Furnace, 100% AFUE",Ducted Heating,Electricity Electric Furnace,None,None,None,None,No,None,None,None,None,80000-99999,80000-99999,60000-99999,25 ACH50,R-38,None,None,None,"Unfinished, Uninsulated",Uninsulated,"Wood Stud, R-7","Summer = 0.7, Winter = 0.85",PJM,100% LED,100% Usage,100% Usage,CR08,None,EF 10.5,None,None,None,None,Electricity,None,None,None,None,"Cooling Season, 7 days/wk",Left/Right at 15ft,3,South,None,200%,106%,G51051215,"In metro area, not/partially in principal city",None,None,No,Hour17,99,EF 15.9,105% Usage,Composition Shingles,1,1,2018,31,12,15,None,VA,Owner,1,High,10,0.118883665,0,2.964423077,11.25,1.115200174,0,3.202576923,Utility Rates - Fixed + Variable,data/simple_rates/State.tsv,Occupied,1970s,1960-79,Propane Standard,Propane,Yes,Living Space,Louisa Co Freeman Fl,38.01,-77.97,F18 B18 L18 R18,"Triple, Low-E, Non-metal, Air, L-Gain",20,697.28,2179,0,0,2179,2467,0,0,2758.1,40.77,0,71.39,0,40,177.2,1609.4,2142,0,255.1,0,1198.3676059342167,44.83987373635,5101.488118487872,694.8715073783388,161.77523073506669,0,18565.173082199763,438.14124990747223,0,0,0,34.87545735049444,16.705050999816667,576.1777239585889,21.980330262916667,36558.56450649352,1107.2225031106557,1093.1550917423888,5705.800665182995,0,0,0,565.6271654323889,1232.070779004022,36558.56450649352,0,0,0,0,0,0,0,0,0,0,0,0,0,0,0,0,0,0,0,8909.653604305728,0,8909.653604305728,45468.21811079925,45468.21811079925,2104.9,1203.1,8436.6,25112.1,56140,64700,19536,12.758,23.5588,32.67,73.728,223.75,13,12495.113552313702,8853.1750543467,11159.900908286902,10109.621383323,10043.2880351342,6401.3495371672,8708.0753911074,7657.7958661435005,0,0,0,0,0,0,0,0,2451.8255171795004,2451.8255171795004,2451.8255171795004,2451.8255171795004,5419.126135670866,4356.216135670866,0,0,1062.91,5.87,18565.173082199763,5101.488118487872,23666.661200687635,12891.903305805889,5.949166666666667,3.3975000000000004,5.949166666666667,TRUE,5.899166666666667,5.899166666666667
517553,0,252.30163873025225,TRUE,2179,17535,Non-CBSA South Atlantic,No,0-30%,4A,4A,Hour12,None,5,Mixed-Humid,None,Standard Efficiency,South Atlantic,South Atlantic,South,Not in a census Place,Electric,80% Usage,Standard,Yes,80% Usage,Electric Resistance,80% Usage,75,No,0F,None,Not Applicable,G5100950,"G5100950, G51051206",James City County,None,318 Rated kWh,80% Usage,20 ft^2,Fiberglass,"30% Leakage to Outside, Uninsulated",Crawlspace,2 ft,None,"data/cambium/2022/LRMER_LowRECost_15,data/cambium/2022/LRMER_MidCase_15,data/cambium/2022/LRMER_HighRECost_15,data/cambium/2022/LRMER_MidCase_25","kg/MWh,kg/MWh,kg/MWh,kg/MWh","/lib/resources/data/cambium/2022/LRMER_LowRECost_15/SRVCc.csv,/lib/resources/data/cambium/2022/LRMER_MidCase_15/SRVCc.csv,/lib/resources/data/cambium/2022/LRMER_HighRECost_15/SRVCc.csv,/lib/resources/data/cambium/2022/LRMER_MidCase_25/SRVCc.csv","lb/MBtu,lb/MBtu,lb/MBtu,lb/MBtu","LRMER_LowRECost_15,LRMER_MidCase_15,LRMER_HighRECost_15,LRMER_MidCase_25","CO2e,CO2e,CO2e,CO2e",North-Central,0-100%,SRVCc,None,None,None,None,None,None,Single-Family Detached,Single-Family Detached,Single-Family Detached,2000-2499,1500-2499,Vented Crawlspace,2 Car,"Single-Family Detached, Vented Crawlspace, No Attic, 2 Car Garage",1,1,<8,"Brick, Medium/Dark",Wood Frame,1.4,No,Electricity,70,Yes,3F,Night +2h,No Exterior Use,Uninsulated,50% Usage,No,"AC, SEER 10",100% Conditioned,Central AC,Yes,None,No,"Electric Furnace, 100% AFUE",Ducted Heating,Electricity Electric Furnace,None,None,None,None,No,None,None,None,None,15000-19999,<20000,<20000,15 ACH50,None,Uninsulated,Uninsulated,Uninsulated,"Finished, R-19",None,"Wood Stud, Uninsulated","Summer = 0.7, Winter = 0.85",PJM,100% LED,100% Usage,100% Usage,CR08,None,None,"EF 12, National Average",None,None,None,None,None,None,None,None,"Cooling Season, 7 days/wk",Left/Right at 15ft,6,Southwest,None,50%,106%,G51051206,"In metro area, not/partially in principal city",None,None,No,Hour17,99,EF 19.9,95% Usage,"Asphalt Shingles, Medium",1,1,2018,31,12,15,None,VA,Owner,1,Low,10,0.118883665,0,2.964423077,11.25,1.115200174,0,3.202576923,Utility Rates - Fixed + Variable,data/simple_rates/State.tsv,Occupied,1970s,1960-79,Electric Tankless,Electricity,Yes,Living Space,Newport News Willia,37.13,-76.49,F18 B18 L18 R18,"Single, Clear, Non-metal",20,697.28,0,0,0,2179,2755,0,159.8,2755,59.33,0,92.15,0,0,0,1658.6,1850.6,829.4,246.7,67.99248827995555,1368.93496877445,51.28743728013889,7348.170942428128,1025.4556745326056,196.94375915573335,320.0336086280667,22000.55216675855,308.01769475100554,0,0,2970.8614383358167,34.87545735049444,16.705050999816667,576.1777239585889,27.255609526016663,39111.21352769357,0,0,1898.5143925756552,0,0,0,535.44084520465,363.9942691539,39111.21352769357,0,0,0,0,0,0,0,0,0,0,0,0,0,0,0,0,0,0,0,0,0,0,39111.21352769357,39111.21352769357,2401.5,1465.2,2940.8,12009,61568,76002,9229,10.522200000000002,26.7065,46.191,83.255,0,20.5,10619.5726052955,6775.4543802484,9128.1155334985,8058.993781484801,10619.5726052955,6775.4543802484,9128.1155334985,8058.993781484801,0,0,0,0,0,0,0,0,0,0,0,0,4659.684406769791,4659.684406769791,0,0,0,26.57,22000.55216675855,7348.170942428128,29348.723109186678,9762.490418506895,7.679166666666667,4.944166666666667,7.679166666666667,TRUE,7.517499999999999,7.517499999999999
544069,0,252.30163873025225,TRUE,1698,109096,Non-CBSA South Atlantic,No,150%+,4A,4A,Hour23,None,3,Mixed-Humid,None,Standard Efficiency,South Atlantic,South Atlantic,South,Not in a census Place,Electric,80% Usage,Standard,Yes,80% Usage,Electric Resistance,80% Usage,72,Yes,2F,Night Setback +4h,Not Applicable,G5100190,"G5100190, G51051095",Bedford County,None,290 Rated kWh,80% Usage,20 ft^2,Fiberglass,"0% Leakage to Outside, Uninsulated",Heated Basement,2 ft,None,"data/cambium/2022/LRMER_LowRECost_15,data/cambium/2022/LRMER_MidCase_15,data/cambium/2022/LRMER_HighRECost_15,data/cambium/2022/LRMER_MidCase_25","kg/MWh,kg/MWh,kg/MWh,kg/MWh","/lib/resources/data/cambium/2022/LRMER_LowRECost_15/RFCWc.csv,/lib/resources/data/cambium/2022/LRMER_MidCase_15/RFCWc.csv,/lib/resources/data/cambium/2022/LRMER_HighRECost_15/RFCWc.csv,/lib/resources/data/cambium/2022/LRMER_MidCase_25/RFCWc.csv","lb/MBtu,lb/MBtu,lb/MBtu,lb/MBtu","LRMER_LowRECost_15,LRMER_MidCase_15,LRMER_HighRECost_15,LRMER_MidCase_25","CO2e,CO2e,CO2e,CO2e",North-Central,400%+,RFCWc,Vented Attic,None,None,None,None,None,Single-Family Detached,Single-Family Detached,Single-Family Detached,1500-1999,1500-2499,Heated Basement,2 Car,"Single-Family Detached, Heated Basement, Vented Attic, 2 Car Garage",2,2,<8,"Vinyl, Light",Wood Frame,2,No,Electricity,70,No,0F,None,No Exterior Use,Uninsulated,50% Usage,No,"AC, SEER 13",100% Conditioned,Central AC,Yes,None,No,"Electric Furnace, 100% AFUE",Ducted Heating,Electricity Electric Furnace,None,None,None,None,No,None,None,None,None,100000-119999,100000-119999,100000-149999,10 ACH50,R-19,Uninsulated,"Wall R-5, Exterior","R-5, Exterior","Unfinished, Uninsulated",None,"Wood Stud, R-11","Summer = 0.7, Winter = 0.85",PJM,100% Incandescent,100% Usage,100% Usage,CR08,None,EF 17.6,None,None,None,None,None,None,None,None,None,"Cooling Season, 7 days/wk",Left/Right at 15ft,3,Northwest,None,50%,106%,G51051095,"In metro area, not/partially in principal city",None,None,No,Hour6,118,EF 19.9,95% Usage,"Metal, Dark",1,1,2018,31,12,15,None,VA,Owner,1,Low,10,0.118883665,0,2.964423077,11.25,1.115200174,0,3.202576923,Utility Rates - Fixed + Variable,data/simple_rates/State.tsv,Occupied,1980s,1980-99,Electric Standard,Electricity,Yes,Heated Basement,Lynchburg Mun P G,37.34,-79.21,F12 B12 L12 R12,"Double, Clear, Non-metal, Air",20,0,950,0,0,374,2274,0,82.8,1045.2,20.91,0,35.57,0,50,71.4,1910.2,2251.3,859.2,194.5,67.99248827995555,799.7909504999944,29.893249157566665,2550.011381568506,572.6608711165222,100.52337706907224,0,12005.656389605085,167.92972320868333,0,0,1908.478808961511,184.6347742085,99.9372349287278,1945.6988348733837,21.980330262916667,22979.995683274115,0,0,1349.8853492132555,0,0,0,377.18246731165,797.4463819386167,22979.995683274115,0,0,0,0,0,0,0,0,0,0,0,0,0,0,0,0,0,0,0,0,0,0,22979.995683274115,22979.995683274115,1403.2,719.2,2089.5,6219.6,29979,41535,5458,9.2717,18.0698,17.927,36.487,15.75,1.75,9585.5725104909,6868.3954568614,9375.7769675185,9041.062085848102,9585.5725104909,6868.3954568614,9375.7769675185,9041.062085848102,0,0,0,0,0,0,0,0,0,0,0,0,2741.946108511806,2741.946108511806,0,0,0,2.51,12005.656389605085,2550.011381568506,14555.66777117359,8424.327912100525,2.964166666666667,1.7425,2.964166666666667,TRUE,3.5041666666666664,3.5041666666666664
542701,0,252.30163873025225,TRUE,1698,55104,Non-CBSA South Atlantic,No,80-100%,4A,4A,Hour19,None,3,Mixed-Humid,None,Standard Efficiency,South Atlantic,South Atlantic,South,Not in a census Place,Electric,100% Usage,EnergyStar,Yes,100% Usage,Electric Resistance,100% Usage,70,No,0F,None,Not Applicable,G5101450,"G5101450, G51051215",Powhatan County,None,318 Rated kWh,100% Usage,20 ft^2,Fiberglass,"20% Leakage to Outside, R-4",Attic,2 ft,None,"data/cambium/2022/LRMER_LowRECost_15,data/cambium/2022/LRMER_MidCase_15,data/cambium/2022/LRMER_HighRECost_15,data/cambium/2022/LRMER_MidCase_25","kg/MWh,kg/MWh,kg/MWh,kg/MWh","/lib/resources/data/cambium/2022/LRMER_LowRECost_15/SRVCc.csv,/lib/resources/data/cambium/2022/LRMER_MidCase_15/SRVCc.csv,/lib/resources/data/cambium/2022/LRMER_HighRECost_15/SRVCc.csv,/lib/resources/data/cambium/2022/LRMER_MidCase_25/SRVCc.csv","lb/MBtu,lb/MBtu,lb/MBtu,lb/MBtu","LRMER_LowRECost_15,LRMER_MidCase_15,LRMER_HighRECost_15,LRMER_MidCase_25","CO2e,CO2e,CO2e,CO2e",North-Central,300-400%,SRVCc,Vented Attic,None,None,None,None,None,Single-Family Detached,Single-Family Detached,Single-Family Detached,1500-1999,1500-2499,Slab,2 Car,"Single-Family Detached, Slab, Vented Attic, 2 Car Garage",1,1,<8,"Aluminum, Light",Wood Frame,1.7,No,Electricity,68,Yes,3F,Night -4h,No Exterior Use,Uninsulated,100% Usage,No,"AC, SEER 13",100% Conditioned,Central AC,Yes,None,No,"Electric Furnace, 100% AFUE",Ducted Heating,Electricity Electric Furnace,None,None,None,None,No,None,None,None,None,50000-59999,40000-59999,40000-59999,8 ACH50,R-30,None,None,None,"Unfinished, Uninsulated","2ft R5 Perimeter, Vertical","Wood Stud, R-19","Summer = 0.7, Winter = 0.85",PJM,100% LED,100% Usage,100% Usage,CR08,None,None,None,None,None,None,None,None,None,None,None,"Cooling Season, 7 days/wk",Left/Right at 15ft,2,West,None,100%,106%,G51051215,"In metro area, not/partially in principal city",None,None,No,Hour16,99,EF 19.9,100% Usage,Composition Shingles,1,1,2018,31,12,15,None,VA,Owner,1,Medium,10,0.118883665,0,2.964423077,11.25,1.115200174,0,3.202576923,Utility Rates - Fixed + Variable,data/simple_rates/State.tsv,Occupied,1990s,1980-99,Electric Standard,Electricity,Yes,Garage,Hanover Co Muni,37.71,-77.44,F9 B9 L9 R9,"Triple, Low-E, Non-metal, Air, L-Gain",20,543.36,1698,0,0,1698,2274,0,0,2542.4,25.57,0,33.17,0,50,150,1488,2027.8,0,108,67.99248827995555,400.04201078508333,23.44568561377778,3437.1375109798223,652.9623443437112,97.59266636735,0,7656.7747793194785,81.47375750787778,0,0,2157.296147537728,30.772462368083332,16.705050999816667,475.3612758193445,21.980330262916667,18293.789271220285,0,0,2385.3054401317163,0,0,0,405.6103611183555,383.3369597852667,18293.789271220285,0,0,0,0,0,0,0,0,0,0,0,0,0,0,0,0,0,0,0,0,0,0,18293.789271220285,18293.789271220285,305.7,726.3,3130.6,8150.5,40955,26341,6230,7.603800000000001,14.5714,23.195,33.61,82.75,14.75,4915.5623699952,3092.0167163501,4194.7496629808,3701.6947567908,4915.5623699952,3092.0167163501,4194.7496629808,3701.6947567908,0,0,0,0,0,0,0,0,0,0,0,0,2184.8327153003465,2184.8327153003465,0,0,0,3.96,7656.7747793194785,3437.1375109798223,11093.9122902993,7199.876980920984,2.7641666666666667,2.1308333333333334,2.7641666666666667,TRUE,3.5433333333333334,3.5433333333333334
358747,0,252.30163873025225,TRUE,1698,55104,Non-CBSA South Atlantic,No,80-100%,4A,4A,Hour13,None,2,Mixed-Humid,None,Standard Efficiency,South Atlantic,South Atlantic,South,Not in a census Place,Electric,80% Usage,EnergyStar,Yes,80% Usage,Electric Resistance,80% Usage,68,No,0F,None,Not Applicable,G5100410,"G5100410, G51004102",Chesterfield County,None,290 Rated kWh,80% Usage,20 ft^2,Fiberglass,"10% Leakage to Outside, Uninsulated",Unheated Basement,2 ft,None,"data/cambium/2022/LRMER_LowRECost_15,data/cambium/2022/LRMER_MidCase_15,data/cambium/2022/LRMER_HighRECost_15,data/cambium/2022/LRMER_MidCase_25","kg/MWh,kg/MWh,kg/MWh,kg/MWh","/lib/resources/data/cambium/2022/LRMER_LowRECost_15/SRVCc.csv,/lib/resources/data/cambium/2022/LRMER_MidCase_15/SRVCc.csv,/lib/resources/data/cambium/2022/LRMER_HighRECost_15/SRVCc.csv,/lib/resources/data/cambium/2022/LRMER_MidCase_25/SRVCc.csv","lb/MBtu,lb/MBtu,lb/MBtu,lb/MBtu","LRMER_LowRECost_15,LRMER_MidCase_15,LRMER_HighRECost_15,LRMER_MidCase_25","CO2e,CO2e,CO2e,CO2e",North-Central,300-400%,SRVCc,Vented Attic,None,None,None,None,None,Single-Family Detached,Single-Family Detached,Single-Family Detached,1500-1999,1500-2499,Unheated Basement,None,"Single-Family Detached, Unheated Basement, Vented Attic, No Garage",2,2,<8,"Brick, Medium/Dark",Wood Frame,1.1,No,Electricity,68,No,0F,None,No Exterior Use,Uninsulated,50% Usage,No,"AC, SEER 13",100% Conditioned,Central AC,Yes,None,No,"Electric Furnace, 100% AFUE",Ducted Heating,Electricity Electric Furnace,None,None,None,None,No,None,None,None,None,50000-59999,40000-59999,40000-59999,10 ACH50,R-49,Uninsulated,Uninsulated,Uninsulated,"Unfinished, Uninsulated",None,"Wood Stud, R-7","Summer = 0.7, Winter = 0.85",PJM,100% LED,100% Usage,100% Usage,CR08,None,None,None,None,None,None,None,Has Pool,Other Fuel,1.0 HP Pump,None,"Cooling Season, 7 days/wk",Left/Right at 15ft,2,North,None,50%,106%,G51004102,"In metro area, not/partially in principal city",None,None,No,Hour12,99,EF 19.9,95% Usage,Composition Shingles,1,1,2018,31,12,15,None,VA,Owner,1,Low,10,0.118883665,0,2.964423077,11.25,1.115200174,0,3.202576923,Utility Rates - Fixed + Variable,data/simple_rates/State.tsv,Occupied,1970s,1960-79,Electric Standard,Electricity,Yes,Unheated Basement,Dinwiddie Co,37.18,-77.5,F9 B9 L9 R9,"Double, Clear, Metal, Air",20,471.2,849,0,0,849,1698,0,93.6,949.2,26.19,0,44.12,0,30,0,1946,2064,972.8,174.9,67.99248827995555,320.0336086280667,18.756548491022222,3778.5653077304614,696.9230048695445,72.97469647288334,0,11533.811966627803,232.69842971674444,0,0,1276.324510600028,30.772462368083332,0,475.3612758193445,16.411979929644446,22395.025827210364,0,0,1192.5061845307723,0,1993.1763482412832,0,324.42967468065,363.9942691539,22395.025827210364,0,0,0,0,0,0,0,0,0,0,0,0,0,0,0,0,0,0,0,0,0,0,22395.025827210364,22395.025827210364,244.6,521,1573.5,4096.7,45446,40147,3283,8.773399999999999,20.5571,22.638,45.502,76.75,3.25,6141.7132645792,3969.931140714,5383.583513284901,4726.3644565445,6141.7132645792,3969.931140714,5383.583513284901,4726.3644565445,0,0,0,0,0,0,0,0,0,0,0,0,2672.402748108425,2672.402748108425,0,0,0,4.85,11533.811966627803,3778.5653077304614,15312.377274358265,7082.648552852099,3.6766666666666663,2.1825,3.6766666666666663,TRUE,4.308333333333334,4.308333333333334
224407,0,252.30163873025225,TRUE,2179,74751,Non-CBSA South Atlantic,No,120-150%,4A,4A,Hour4,None,3,Mixed-Humid,None,Standard Efficiency,South Atlantic,South Atlantic,South,"VA, Portsmouth",Electric,80% Usage,Standard,Yes,80% Usage,Electric Resistance,80% Usage,75,Yes,5F,Night Setback +4h,Not Applicable,G5107400,"G5107400, G51051155",Portsmouth city,None,290 Rated kWh,80% Usage,20 ft^2,Fiberglass,"20% Leakage to Outside, R-4",Attic,2 ft,None,"data/cambium/2022/LRMER_LowRECost_15,data/cambium/2022/LRMER_MidCase_15,data/cambium/2022/LRMER_HighRECost_15,data/cambium/2022/LRMER_MidCase_25","kg/MWh,kg/MWh,kg/MWh,kg/MWh","/lib/resources/data/cambium/2022/LRMER_LowRECost_15/SRVCc.csv,/lib/resources/data/cambium/2022/LRMER_MidCase_15/SRVCc.csv,/lib/resources/data/cambium/2022/LRMER_HighRECost_15/SRVCc.csv,/lib/resources/data/cambium/2022/LRMER_MidCase_25/SRVCc.csv","lb/MBtu,lb/MBtu,lb/MBtu,lb/MBtu","LRMER_LowRECost_15,LRMER_MidCase_15,LRMER_HighRECost_15,LRMER_MidCase_25","CO2e,CO2e,CO2e,CO2e",North-Central,400%+,SRVCc,Vented Attic,None,None,None,None,None,Single-Family Detached,Single-Family Detached,Single-Family Detached,2000-2499,1500-2499,Slab,2 Car,"Single-Family Detached, Slab, Vented Attic, 2 Car Garage",2,2,<8,"Shingle, Asbestos, Medium",Wood Frame,1.4,No,Electricity,68,No,0F,None,No Exterior Use,Uninsulated,50% Usage,No,"AC, SEER 13",100% Conditioned,Central AC,Yes,None,No,"Electric Furnace, 100% AFUE",Ducted Heating,Electricity Electric Furnace,None,None,None,None,No,None,None,None,None,70000-79999,60000-79999,60000-99999,25 ACH50,R-38,None,None,None,"Unfinished, Uninsulated",Uninsulated,"Wood Stud, R-7","Summer = 0.7, Winter = 0.85",PJM,100% CFL,100% Usage,100% Usage,CR08,None,None,None,None,None,None,None,None,None,None,None,"Cooling Season, 7 days/wk",Left/Right at 15ft,1,East,None,50%,106%,G51051155,"In metro area, principal city",None,None,No,Hour17,99,EF 19.9,95% Usage,Composition Shingles,1,1,2018,31,12,15,None,VA,Owner,1,Low,10,0.118883665,0,2.964423077,11.25,1.115200174,0,3.202576923,Utility Rates - Fixed + Variable,data/simple_rates/State.tsv,Occupied,1970s,1960-79,Electric Standard,Electricity,Yes,Living Space,Norfolk Ns,36.93,-76.28,F6 B6 L6 R6,"Double, Low-E, Non-metal, Air, M-Gain",20,604.67,1377.5,0,0,801.5,2755,0,0,1540.1,55.34,0,71.68,0,50,101.8,2396.2,2811.6,0,126.6,81.76682857805001,420.5569856971389,15.8258377893,4512.4152674417055,681.3902381504167,45.13294480652222,0,20543.40280586226,318.56825327720554,0,0,818.5474989910167,52.16665049065555,24.91104096463889,754.6580056934723,21.980330262916667,30038.61240837209,0,0,1111.6185691632388,0,0,0,271.67688204965003,363.9942691539,30038.61240837209,0,0,0,0,0,0,0,0,0,0,0,0,0,0,0,0,0,0,0,0,0,0,30038.61240837209,30038.61240837209,737.7,322.8,598.2,1966.5,43105,71180,1740,23.5677,34.6584,38.963,75.642,40.5,4,8707.8032356854,5979.5902796938,8015.7845723186,6984.7237560716,8707.8032356854,5979.5902796938,8015.7845723186,6984.7237560716,0,0,0,0,0,0,0,0,0,0,0,0,3581.1003346217503,3581.1003346217503,0,0,0,4.79,20543.40280586226,4512.4152674417055,25055.818073303966,4982.7943350681235,5.973333333333334,4.611666666666667,5.973333333333334,TRUE,6.019166666666667,6.019166666666667
224639,0,252.30163873025225,TRUE,2678,109096,Non-CBSA South Atlantic,No,150%+,4A,4A,Hour20,None,4,Mixed-Humid,None,Standard Efficiency,South Atlantic,South Atlantic,South,Not in a census Place,Electric,100% Usage,Standard,Yes,100% Usage,Electric Resistance,100% Usage,70,Yes,2F,Night Setback -5h,Not Applicable,G5100230,"G5100230, G51051045",Botetourt County,None,318 Rated kWh,100% Usage,20 ft^2,Fiberglass,"20% Leakage to Outside, R-4",Attic,2 ft,None,"data/cambium/2022/LRMER_LowRECost_15,data/cambium/2022/LRMER_MidCase_15,data/cambium/2022/LRMER_HighRECost_15,data/cambium/2022/LRMER_MidCase_25","kg/MWh,kg/MWh,kg/MWh,kg/MWh","/lib/resources/data/cambium/2022/LRMER_LowRECost_15/RFCWc.csv,/lib/resources/data/cambium/2022/LRMER_MidCase_15/RFCWc.csv,/lib/resources/data/cambium/2022/LRMER_HighRECost_15/RFCWc.csv,/lib/resources/data/cambium/2022/LRMER_MidCase_25/RFCWc.csv","lb/MBtu,lb/MBtu,lb/MBtu,lb/MBtu","LRMER_LowRECost_15,LRMER_MidCase_15,LRMER_HighRECost_15,LRMER_MidCase_25","CO2e,CO2e,CO2e,CO2e",North-Central,400%+,RFCWc,Vented Attic,None,None,None,None,None,Single-Family Detached,Single-Family Detached,Single-Family Detached,2500-2999,2500-3999,Slab,2 Car,"Single-Family Detached, Slab, Vented Attic, 2 Car Garage",2,2,<8,"Wood, Medium/Dark",Wood Frame,1.7,No,Electricity,72,No,0F,None,No Exterior Use,Uninsulated,100% Usage,No,"AC, SEER 10",60% Conditioned,Central AC,Yes,None,No,"Electric Furnace, 100% AFUE",Ducted Heating,Electricity Electric Furnace,None,None,None,None,No,None,None,None,None,100000-119999,100000-119999,100000-149999,30 ACH50,R-38,None,None,None,"Unfinished, Uninsulated",Uninsulated,"Wood Stud, Uninsulated","Summer = 0.7, Winter = 0.85",PJM,100% Incandescent,100% Usage,100% Usage,CR08,None,EF 17.6,None,None,None,None,None,None,None,None,None,"Cooling Season, 7 days/wk",Left/Right at 15ft,3,North,None,100%,106%,G51051045,Not/partially in metro area,None,None,No,Hour17,118,EF 17.6,100% Usage,Composition Shingles,1,1,2018,31,12,15,None,VA,Owner,1,Medium,10,0.118883665,0,2.964423077,11.25,1.115200174,0,3.202576923,Utility Rates - Fixed + Variable,data/simple_rates/State.tsv,Occupied,1970s,1960-79,Electric Premium,Electricity,Yes,Garage,Roanoke Municipal,37.32,-79.97,F15 B15 L15 R15,"Double, Low-E, Non-metal, Air, M-Gain",20,743.15,1627,0,0,1051,3254,0,0,1819,48.11,0,128.21,0,50,116.7,2635.8,3085.8,0,352,67.99248827995555,999.9584914276222,37.513096982044445,5320.705278976695,378.35475159233886,134.81269227922223,0,43447.78615303194,1049.7805733569,0,0,3099.22656707125,233.5776429272611,99.9372349287278,2786.812806267661,21.980330262916667,62027.90585981049,0,0,3011.5983170897557,0,0,0,471.25828083693335,866.611154499261,62027.90585981049,0,0,0,0,0,0,0,0,0,0,0,0,0,0,0,0,0,0,0,0,0,0,62027.90585981049,62027.90585981049,1754,1002.6,4143.3,12332.7,39946,151760,9880,11.6237,42.1728,34.059,131.643,1.5,0.75,25908.4023877525,18752.4339042348,25466.9572214211,24545.3618518262,25908.4023877525,18752.4339042348,25466.9572214211,24545.3618518262,0,0,0,0,0,0,0,0,0,0,0,0,7384.104780889247,7384.104780889247,0,0,0,6.77,43447.78615303194,5320.705278976695,48768.49143200864,13259.41442780185,10.684166666666668,4.009166666666666,10.684166666666668,TRUE,8.156666666666666,8.156666666666666
435521,0,252.30163873025225,TRUE,2179,109096,Non-CBSA South Atlantic,No,120-150%,4A,4A,Hour21,None,3,Mixed-Humid,None,Standard Efficiency,South Atlantic,South Atlantic,South,In another census Place,Electric,120% Usage,Standard,Yes,120% Usage,Electric Resistance,120% Usage,80,No,0F,None,Not Applicable,G5100870,"G5100870, G51051224",Henrico County,None,318 Rated kWh,120% Usage,20 ft^2,Fiberglass,"0% Leakage to Outside, Uninsulated",Heated Basement,2 ft,None,"data/cambium/2022/LRMER_LowRECost_15,data/cambium/2022/LRMER_MidCase_15,data/cambium/2022/LRMER_HighRECost_15,data/cambium/2022/LRMER_MidCase_25","kg/MWh,kg/MWh,kg/MWh,kg/MWh","/lib/resources/data/cambium/2022/LRMER_LowRECost_15/SRVCc.csv,/lib/resources/data/cambium/2022/LRMER_MidCase_15/SRVCc.csv,/lib/resources/data/cambium/2022/LRMER_HighRECost_15/SRVCc.csv,/lib/resources/data/cambium/2022/LRMER_MidCase_25/SRVCc.csv","lb/MBtu,lb/MBtu,lb/MBtu,lb/MBtu","LRMER_LowRECost_15,LRMER_MidCase_15,LRMER_HighRECost_15,LRMER_MidCase_25","CO2e,CO2e,CO2e,CO2e",North-Central,400%+,SRVCc,Vented Attic,None,None,None,None,None,Single-Family Detached,Single-Family Detached,Single-Family Detached,2000-2499,1500-2499,Heated Basement,1 Car,"Single-Family Detached, Heated Basement, Vented Attic, 1 Car Garage",1,1,<8,"Brick, Medium/Dark",Wood Frame,1.4,No,Electricity,68,Yes,3F,Day +2h,No Exterior Use,Uninsulated,200% Usage,No,"AC, SEER 10",100% Conditioned,Central AC,Yes,None,No,"Electric Furnace, 100% AFUE",Ducted Heating,Electricity Electric Furnace,None,None,None,None,No,None,None,None,None,100000-119999,100000-119999,100000-149999,20 ACH50,R-38,Uninsulated,Uninsulated,Uninsulated,"Unfinished, Uninsulated",None,"Wood Stud, R-7","Summer = 0.7, Winter = 0.85",PJM,100% LED,100% Usage,100% Usage,CR08,None,None,"EF 12, National Average",None,None,None,None,None,None,None,None,"Cooling Season, 7 days/wk",Left/Right at 15ft,3,West,None,200%,106%,G51051224,"In metro area, not/partially in principal city",None,None,No,Hour19,99,EF 19.9,105% Usage,"Asphalt Shingles, Medium",1,1,2018,31,12,15,None,VA,Owner,1,High,10,0.118883665,0,2.964423077,11.25,1.115200174,0,3.202576923,Utility Rates - Fixed + Variable,data/simple_rates/State.tsv,Occupied,1970s,1960-79,Electric Standard,Electricity,Yes,Heated Basement,Richmond Byrd Field,37.51,-77.32,F12 B12 L12 R12,"Double, Low-E, Non-metal, Air, M-Gain",20,0,1089.5,0,0,1089.5,2467,0,113,1540,22.03,0,46.28,0,50,122.6,1172.8,1554.2,1172.8,117.6,67.99248827995555,1199.8329612850778,44.83987373635,3376.178728384,222.7340133308889,161.77523073506669,320.0336086280667,9438.353814896416,220.68251583968333,0,0,5526.441170237595,34.87545735049444,16.705050999816667,576.1777239585889,21.980330262916667,27902.710448956932,0,0,5705.800665182995,0,0,0,565.6271654323889,402.38657934646113,27902.710448956932,0,0,0,0,0,0,0,0,0,0,0,0,0,0,0,0,0,0,0,0,0,0,27902.710448956932,27902.710448956932,2104.8,1203.1,8211.1,24440.8,26214,32939,17855,13.8682,18.3998,17.789,43.847,6.75,1,7668.305601356401,4832.3735293372,6592.6929425280005,5809.1484107426,7668.305601356401,4832.3735293372,6592.6929425280005,5809.1484107426,0,0,0,0,0,0,0,0,0,0,0,0,3327.1764816057953,3327.1764816057953,0,0,0,3.05,9438.353814896416,3376.178728384,12814.532543280417,15088.177905676515,3.856666666666667,1.8358333333333334,3.856666666666667,TRUE,4.47,4.47
515126,0,252.30163873025225,TRUE,2179,89642,Non-CBSA South Atlantic,No,120-150%,4A,4A,Hour5,None,3,Mixed-Humid,None,Standard Efficiency,South Atlantic,South Atlantic,South,"VA, Lynchburg",Electric,80% Usage,EnergyStar,Yes,80% Usage,Electric Resistance,80% Usage,72,No,0F,None,Not Applicable,G5106800,"G5106800, G51051096",Lynchburg city,None,290 Rated kWh,80% Usage,20 ft^2,Fiberglass,"20% Leakage to Outside, R-4",Attic,2 ft,None,"data/cambium/2022/LRMER_LowRECost_15,data/cambium/2022/LRMER_MidCase_15,data/cambium/2022/LRMER_HighRECost_15,data/cambium/2022/LRMER_MidCase_25","kg/MWh,kg/MWh,kg/MWh,kg/MWh","/lib/resources/data/cambium/2022/LRMER_LowRECost_15/RFCWc.csv,/lib/resources/data/cambium/2022/LRMER_MidCase_15/RFCWc.csv,/lib/resources/data/cambium/2022/LRMER_HighRECost_15/RFCWc.csv,/lib/resources/data/cambium/2022/LRMER_MidCase_25/RFCWc.csv","lb/MBtu,lb/MBtu,lb/MBtu,lb/MBtu","LRMER_LowRECost_15,LRMER_MidCase_15,LRMER_HighRECost_15,LRMER_MidCase_25","CO2e,CO2e,CO2e,CO2e",North-Central,300-400%,RFCWc,Unvented Attic,None,None,None,None,None,Single-Family Detached,Single-Family Detached,Single-Family Detached,2000-2499,1500-2499,Slab,None,"Single-Family Detached, Slab, Unvented Attic, No Garage",1,1,<8,"Brick, Medium/Dark",Wood Frame,1.4,No,Electricity,68,Yes,3F,Night,No Exterior Use,Uninsulated,50% Usage,No,"AC, SEER 13",80% Conditioned,Central AC,Yes,None,No,"Electric Furnace, 100% AFUE",Ducted Heating,Electricity Electric Furnace,None,None,None,None,No,None,None,None,None,80000-99999,80000-99999,60000-99999,15 ACH50,R-7,None,None,None,"Unfinished, Uninsulated",Uninsulated,"Wood Stud, R-7","Summer = 0.7, Winter = 0.85",PJM,100% Incandescent,100% Usage,100% Usage,CR08,None,None,"EF 12, National Average",None,None,None,None,None,None,None,None,"Cooling Season, 7 days/wk",Left/Right at 15ft,4,South,None,50%,106%,G51051096,"In metro area, not/partially in principal city",None,None,No,Hour14,118,EF 19.9,95% Usage,"Asphalt Shingles, Medium",1,1,2018,31,12,15,None,VA,Owner,1,Low,10,0.118883665,0,2.964423077,11.25,1.115200174,0,3.202576923,Utility Rates - Fixed + Variable,data/simple_rates/State.tsv,Occupied,1970s,1960-79,Electric Premium,Electricity,Yes,Living Space,Lynchburg Mun P G,37.34,-79.21,F15 B15 L15 R15,"Double, Clear, Non-metal, Air",20,697.28,2179,0,0,2179,2179,0,0,2436.2,61.1,0,80.55,0,50,194.8,1558.6,1861.2,0,234,67.99248827995555,519.0288652750055,30.18632022773889,3948.54652843035,868.9557230606389,128.36512873543333,320.0336086280667,15238.523364674867,128.36512873543333,0,0,2037.723150907461,208.66660196262225,0,2358.6359727460444,21.980330262916667,28254.688804233778,0,0,1583.7560632106888,0,0,0,429.93525994265,363.9942691539,28254.688804233778,0,0,0,0,0,0,0,0,0,0,0,0,0,0,0,0,0,0,0,0,0,0,28254.688804233778,28254.688804233778,396.6,917.4,2466.1,8298.6,46419,52299,6301,8.594700000000001,23.2203,43.407,71.666,0,18.75,11625.508940168202,8129.899340763201,11190.441282559,10818.2551352029,11625.508940168202,8129.899340763201,11190.441282559,10818.2551352029,0,0,0,0,0,0,0,0,0,0,0,0,3369.0209584817785,3369.0209584817785,0,0,0,3.76,15238.523364674867,3948.54652843035,19187.069893105217,9067.61891112856,6.7124999999999995,5.091666666666667,6.7124999999999995,TRUE,6.7775,6.7775
526418,0,252.30163873025225,TRUE,1698,89096,Non-CBSA South Atlantic,No,120-150%,4A,4A,Hour4,None,3,Mixed-Humid,None,None,South Atlantic,South Atlantic,South,"VA, Virginia Beach",Electric,100% Usage,Standard,Yes,100% Usage,Electric Resistance,100% Usage,76,No,0F,None,Not Applicable,G5108100,"G5108100, G51051165",Virginia Beach city,None,290 Rated kWh,100% Usage,20 ft^2,Fiberglass,"20% Leakage to Outside, R-4",Garage,2 ft,None,"data/cambium/2022/LRMER_LowRECost_15,data/cambium/2022/LRMER_MidCase_15,data/cambium/2022/LRMER_HighRECost_15,data/cambium/2022/LRMER_MidCase_25","kg/MWh,kg/MWh,kg/MWh,kg/MWh","/lib/resources/data/cambium/2022/LRMER_LowRECost_15/SRVCc.csv,/lib/resources/data/cambium/2022/LRMER_MidCase_15/SRVCc.csv,/lib/resources/data/cambium/2022/LRMER_HighRECost_15/SRVCc.csv,/lib/resources/data/cambium/2022/LRMER_MidCase_25/SRVCc.csv","lb/MBtu,lb/MBtu,lb/MBtu,lb/MBtu","LRMER_LowRECost_15,LRMER_MidCase_15,LRMER_HighRECost_15,LRMER_MidCase_25","CO2e,CO2e,CO2e,CO2e",North-Central,400%+,SRVCc,None,None,None,None,None,None,Single-Family Detached,Single-Family Detached,Single-Family Detached,1500-1999,1500-2499,Slab,1 Car,"Single-Family Detached, Slab, No Attic, 1 Car Garage",1,1,<8,"Brick, Medium/Dark",Wood Frame,1.7,No,Electricity,68,Yes,6F,Night -3h,No Exterior Use,Uninsulated,100% Usage,No,"AC, SEER 13",100% Conditioned,Central AC,Yes,None,No,"Electric Furnace, 100% AFUE",Ducted Heating,Electricity Electric Furnace,None,None,None,None,No,None,None,None,None,80000-99999,80000-99999,60000-99999,20 ACH50,None,None,None,None,"Finished, R-7",Uninsulated,"Wood Stud, R-7","Summer = 0.7, Winter = 0.85",PJM,100% LED,100% Usage,100% Usage,CR08,None,None,"EF 12, National Average",None,Gas Grill,None,None,None,None,None,None,"Cooling Season, 7 days/wk",Left/Right at 15ft,2,Northeast,None,100%,106%,G51051165,"In metro area, principal city",None,None,No,Hour19,99,EF 17.6,100% Usage,Composition Shingles,1,1,2018,31,12,15,None,VA,Owner,1,Medium,10,0.118883665,0,2.964423077,11.25,1.115200174,0,3.202576923,Utility Rates - Fixed + Variable,data/simple_rates/State.tsv,Occupied,1970s,1960-79,Electric Standard,Electricity,Yes,Garage,Chesapeake,36.9,-75.72,F9 B9 L9 R9,"Double, Clear, Metal, Air",20,543.36,0,0,0,1698,1986,0,0,1986,42.47,0,54.56,0,50,155.1,1433,1625,0,111.7,0,762.8639956582945,28.427893806705555,3777.6860945199446,580.5737900111723,91.1451028235611,320.0336086280667,10149.6373022044,147.12167722645555,0,0,2170.4843456954777,30.772462368083332,16.705050999816667,475.3612758193445,21.980330262916667,21797.160844059028,0,0,2385.3054401317163,0,0,0,405.6103611183555,433.4521127847167,21797.160844059028,0,0,0,0,0,0,0,773.7076252546667,0,0,0,0,0,0,0,773.7076252546667,0,0,0,0,0,0,22570.868469313697,22570.868469313697,1338.1,651.3,3060.8,7968.9,40694,34925,6347,12.3066,24.466900000000003,32.952,54.291,0.5,37.5,6002.659987632001,3848.5634302731,5143.814586502901,4562.322775934001,5826.2851304812,3672.1885731223,4967.439729352101,4385.9479187832,0,0,0,0,176.3748571508,176.3748571508,176.3748571508,176.3748571508,0,0,0,0,2765.7663677362307,2601.3263677362306,0,164.44,0,3.1,10149.6373022044,3777.6860945199446,13927.323396724345,7869.837447334683,4.546666666666667,3.5391666666666666,4.546666666666667,TRUE,4.850833333333333,4.850833333333333
414245,0,252.30163873025225,TRUE,1698,64622,Non-CBSA South Atlantic,No,60-80%,4A,4A,Hour14,None,3,Mixed-Humid,None,None,South Atlantic,South Atlantic,South,"VA, Newport News",Electric,100% Usage,Standard,Yes,100% Usage,Electric Resistance,100% Usage,78,Yes,2F,Night Setback +4h,Not Applicable,G5107000,"G5107000, G51051175",Newport News city,None,290 Rated kWh,100% Usage,20 ft^2,Fiberglass,"0% Leakage to Outside, Uninsulated",Heated Basement,2 ft,None,"data/cambium/2022/LRMER_LowRECost_15,data/cambium/2022/LRMER_MidCase_15,data/cambium/2022/LRMER_HighRECost_15,data/cambium/2022/LRMER_MidCase_25","kg/MWh,kg/MWh,kg/MWh,kg/MWh","/lib/resources/data/cambium/2022/LRMER_LowRECost_15/SRVCc.csv,/lib/resources/data/cambium/2022/LRMER_MidCase_15/SRVCc.csv,/lib/resources/data/cambium/2022/LRMER_HighRECost_15/SRVCc.csv,/lib/resources/data/cambium/2022/LRMER_MidCase_25/SRVCc.csv","lb/MBtu,lb/MBtu,lb/MBtu,lb/MBtu","LRMER_LowRECost_15,LRMER_MidCase_15,LRMER_HighRECost_15,LRMER_MidCase_25","CO2e,CO2e,CO2e,CO2e",North-Central,150-200%,SRVCc,None,None,None,None,None,None,Single-Family Detached,Single-Family Detached,Single-Family Detached,1500-1999,1500-2499,Heated Basement,1 Car,"Single-Family Detached, Heated Basement, No Attic, 1 Car Garage",1,1,<8,"Wood, Medium/Dark",Concrete,1.1,No,Electricity,68,Yes,6F,Night +4h,No Exterior Use,Uninsulated,100% Usage,No,"AC, SEER 8",60% Conditioned,Central AC,Yes,None,No,"Electric Furnace, 100% AFUE",Ducted Heating,Electricity Electric Furnace,None,None,None,None,No,None,None,None,None,60000-69999,60000-79999,60000-99999,15 ACH50,None,Uninsulated,Uninsulated,Uninsulated,"Finished, R-38",None,"CMU, 6-in Hollow, Uninsulated","Summer = 0.7, Winter = 0.85",PJM,100% LED,100% Usage,100% Usage,CR08,None,None,None,None,None,None,None,None,None,None,Typical Efficiency,"Cooling Season, 7 days/wk",Left/Right at 15ft,7,West,None,100%,106%,G51051175,"In metro area, principal city",None,None,No,Hour19,99,EF 15.9,100% Usage,Composition Shingles,1,1,2018,31,12,15,None,VA,Owner,1,Medium,10,0.118883665,0,2.964423077,11.25,1.115200174,0,3.202576923,Utility Rates - Fixed + Variable,data/simple_rates/State.tsv,Occupied,1970s,1960-79,Electric Standard,Electricity,Yes,Heated Basement,Newport News Willia,37.13,-76.49,F18 B18 L18 R18,"Double, Clear, Metal, Air",20,0,0,0,0,849,1986,0,101.4,1137,13.67,0,38.09,0,50,107.5,1052.2,1244.2,1052.2,154.8,0,1948.3364745049332,72.97469647288334,3188.613243473778,133.93347906870557,264.35010529534446,0,5276.45154738069,123.08984947233331,0,0,6010.594578162106,30.772462368083332,16.705050999816667,475.3612758193445,21.980330262916667,23370.95249088386,0,0,3959.09708695655,0,0,0,735.0222439919334,480.3434840122722,23370.95249088386,633.3265826421722,0,0,0,0,0,0,0,0,0,0,0,0,0,0,0,0,0,0,0,0,0,23370.95249088386,23370.95249088386,3417.8,1889.9,6357.6,28059.3,21603,18370,19479,11.271,18.8965,11.525,34.738,1.25,19,6224.0312078868,3731.6046376686,5147.8470226722,4564.2959027435,6224.0312078868,3731.6046376686,5147.8470226722,4564.2959027435,0,0,0,0,0,0,0,0,0,0,0,0,2788.424486657153,2788.424486657153,0,0,0,4.31,5276.45154738069,3188.613243473778,8465.064790854467,14905.887700029394,3.174166666666667,1.1391666666666667,3.174166666666667,TRUE,4.09,4.09
232745,0,252.30163873025225,TRUE,2179,129299,Non-CBSA South Atlantic,No,150%+,4A,4A,Hour18,None,4,Mixed-Humid,None,Standard Efficiency,South Atlantic,South Atlantic,South,Not in a census Place,Electric,100% Usage,Standard,Yes,100% Usage,Electric Resistance,100% Usage,76,No,0F,None,Not Applicable,G5100410,"G5100410, G51004102",Chesterfield County,None,290 Rated kWh,100% Usage,20 ft^2,Fiberglass,"10% Leakage to Outside, Uninsulated",Crawlspace,2 ft,None,"data/cambium/2022/LRMER_LowRECost_15,data/cambium/2022/LRMER_MidCase_15,data/cambium/2022/LRMER_HighRECost_15,data/cambium/2022/LRMER_MidCase_25","kg/MWh,kg/MWh,kg/MWh,kg/MWh","/lib/resources/data/cambium/2022/LRMER_LowRECost_15/SRVCc.csv,/lib/resources/data/cambium/2022/LRMER_MidCase_15/SRVCc.csv,/lib/resources/data/cambium/2022/LRMER_HighRECost_15/SRVCc.csv,/lib/resources/data/cambium/2022/LRMER_MidCase_25/SRVCc.csv","lb/MBtu,lb/MBtu,lb/MBtu,lb/MBtu","LRMER_LowRECost_15,LRMER_MidCase_15,LRMER_HighRECost_15,LRMER_MidCase_25","CO2e,CO2e,CO2e,CO2e",North-Central,400%+,SRVCc,Vented Attic,None,None,None,None,None,Single-Family Detached,Single-Family Detached,Single-Family Detached,2000-2499,1500-2499,Vented Crawlspace,2 Car,"Single-Family Detached, Vented Crawlspace, Vented Attic, 2 Car Garage",2,2,<8,"Wood, Medium/Dark",Wood Frame,1.4,No,Electricity,68,Yes,6F,Night -4h,No Exterior Use,Uninsulated,100% Usage,No,"AC, SEER 15",100% Conditioned,Central AC,Yes,None,No,"Electric Furnace, 100% AFUE",Ducted Heating,Electricity Electric Furnace,None,None,None,None,No,None,None,None,None,120000-139999,120000-139999,100000-149999,15 ACH50,R-13,Ceiling R-19,Uninsulated,Uninsulated,"Unfinished, Uninsulated",None,"Wood Stud, R-11","Summer = 0.7, Winter = 0.85",PJM,100% Incandescent,100% Usage,100% Usage,CR08,None,None,"EF 12, National Average",None,None,None,None,Has Pool,None,1.0 HP Pump,None,"Cooling Season, 7 days/wk",Left/Right at 15ft,4,North,None,100%,106%,G51004102,"In metro area, not/partially in principal city",None,None,No,Hour17,99,EF 19.9,100% Usage,Slate,1,1,2018,31,12,15,None,VA,Owner,1,Medium,10,0.118883665,0,2.964423077,11.25,1.115200174,0,3.202576923,Utility Rates - Fixed + Variable,data/simple_rates/State.tsv,Occupied,1980s,1980-99,Electric Standard,Electricity,Yes,Garage,Dinwiddie Co,37.18,-77.5,F12 B12 L12 R12,"Double, Clear, Metal, Air",20,604.67,1377.5,0,0,801.5,2755,0,106.2,1701,45.9,0,70.43,0,50,0,2396.2,2811.6,551,252.9,67.99248827995555,1237.05298719695,46.30522908721111,2795.6049383728277,496.4623928717445,160.6029464543778,320.0336086280667,14072.393576459595,272.55609526016667,0,0,3994.851757517561,208.66660196262225,99.9372349287278,2358.6359727460444,21.980330262916667,33013.869912760485,0,0,3167.8051974915497,0,2772.7453948993943,0,537.1992716256833,383.3369597852667,33013.869912760485,0,0,0,0,0,0,0,0,0,0,0,0,0,0,0,0,0,0,0,0,0,0,33013.869912760485,33013.869912760485,2168.4,1144.4,4874,16401.2,32707,48657,12515,11.6426,24.720599999999997,31.845,71.951,0,49.25,8849.033756008599,5618.8664115276,7607.279283896601,6702.0041677743,8849.033756008599,5618.8664115276,7607.279283896601,6702.0041677743,0,0,0,0,0,0,0,0,0,0,0,0,3934.8098510621967,3934.8098510621967,0,0,0,3.04,14072.393576459595,2795.6049383728277,16867.998514832423,16145.871397928062,5.8691666666666675,3.8249999999999997,5.8691666666666675,TRUE,5.6825,5.6825
331989,0,252.30163873025225,TRUE,2179,68718,Non-CBSA South Atlantic,No,80-100%,4A,4A,Hour5,None,3,Mixed-Humid,None,Standard Efficiency,South Atlantic,South Atlantic,South,"VA, Richmond",Electric,120% Usage,EnergyStar,Yes,120% Usage,Electric Resistance,120% Usage,72,Yes,2F,Night Setback -3h,Not Applicable,G5107600,"G5107600, G51051235",Richmond city,None,290 Rated kWh,120% Usage,20 ft^2,Fiberglass,"30% Leakage to Outside, R-4",Attic,2 ft,None,"data/cambium/2022/LRMER_LowRECost_15,data/cambium/2022/LRMER_MidCase_15,data/cambium/2022/LRMER_HighRECost_15,data/cambium/2022/LRMER_MidCase_25","kg/MWh,kg/MWh,kg/MWh,kg/MWh","/lib/resources/data/cambium/2022/LRMER_LowRECost_15/SRVCc.csv,/lib/resources/data/cambium/2022/LRMER_MidCase_15/SRVCc.csv,/lib/resources/data/cambium/2022/LRMER_HighRECost_15/SRVCc.csv,/lib/resources/data/cambium/2022/LRMER_MidCase_25/SRVCc.csv","lb/MBtu,lb/MBtu,lb/MBtu,lb/MBtu","LRMER_LowRECost_15,LRMER_MidCase_15,LRMER_HighRECost_15,LRMER_MidCase_25","CO2e,CO2e,CO2e,CO2e",North-Central,400%+,SRVCc,Vented Attic,None,None,None,None,None,Single-Family Detached,Single-Family Detached,Single-Family Detached,2000-2499,1500-2499,Slab,2 Car,"Single-Family Detached, Slab, Vented Attic, 2 Car Garage",1,1,<8,"Wood, Medium/Dark",Wood Frame,1.7,No,Electricity,68,Yes,3F,Night +3h,No Exterior Use,Uninsulated,200% Usage,No,"AC, SEER 13",100% Conditioned,Central AC,Yes,None,No,"Electric Furnace, 100% AFUE",Ducted Heating,Electricity Electric Furnace,None,None,None,None,No,None,None,None,None,60000-69999,60000-79999,60000-99999,8 ACH50,R-30,None,None,None,"Unfinished, Uninsulated","2ft R5 Perimeter, Vertical","Wood Stud, R-11","Summer = 0.7, Winter = 0.85",PJM,100% Incandescent,100% Usage,100% Usage,CR08,None,None,"EF 12, National Average",None,None,None,None,None,None,None,None,"Cooling Season, 7 days/wk",Left/Right at 15ft,2,Northeast,None,200%,106%,G51051235,"In metro area, principal city",None,None,No,Hour19,99,EF 10.5,105% Usage,"Metal, Dark",1,1,2018,31,12,15,None,VA,Owner,1,High,10,0.118883665,0,2.964423077,11.25,1.115200174,0,3.202576923,Utility Rates - Fixed + Variable,data/simple_rates/State.tsv,Occupied,1990s,1980-99,Electric Tankless,Electricity,Yes,Garage,Richmond Byrd Field,37.51,-77.32,F15 B15 L15 R15,"Triple, Low-E, Non-metal, Air, L-Gain",20,697.28,2179,0,0,2179,2755,0,0,3080.2,49.57,0,45.8,0,0,171.3,1658.6,2265.2,0,205.6,67.99248827995555,480.0504129421,28.134822736533337,4952.021872700038,1094.9135181634222,109.31550917423888,320.0336086280667,6833.831214275878,27.548680596188888,0,0,3782.3752316427,208.66660196262225,99.9372349287278,2358.6359727460444,21.980330262916667,26711.962690847195,0,0,5076.284006453062,0,0,0,486.4979764858888,764.0362799389834,26711.962690847195,0,0,0,0,0,0,0,0,0,0,0,0,0,0,0,0,0,0,0,0,0,0,26711.962690847195,26711.962690847195,366.9,781.5,6203,16149.6,60617,23346,11750,12.6204,23.081,44.191,47.941,41,4.5,7112.5007267006,4225.530441209001,5836.1734441472,5183.7034995207005,7112.5007267006,4225.530441209001,5836.1734441472,5183.7034995207005,0,0,0,0,0,0,0,0,0,0,0,0,3185.6160240311765,3185.6160240311765,0,0,0,4.64,6833.831214275878,4952.021872700038,11785.853086975916,14926.109603871279,3.8166666666666664,4.130833333333333,4.130833333333333,TRUE,4.430833333333333,4.430833333333333
480304,0,252.30163873025225,TRUE,1698,64514,Non-CBSA South Atlantic,No,60-80%,4A,4A,Hour17,None,3,Mixed-Humid,None,Standard Efficiency,South Atlantic,South Atlantic,South,"VA, Norfolk",Electric,80% Usage,Standard,Yes,80% Usage,Electric Resistance,80% Usage,70,No,0F,None,Not Applicable,G5107100,"G5107100, G51051155",Norfolk city,None,None,80% Usage,20 ft^2,Fiberglass,"0% Leakage to Outside, Uninsulated",Living Space,2 ft,None,"data/cambium/2022/LRMER_LowRECost_15,data/cambium/2022/LRMER_MidCase_15,data/cambium/2022/LRMER_HighRECost_15,data/cambium/2022/LRMER_MidCase_25","kg/MWh,kg/MWh,kg/MWh,kg/MWh","/lib/resources/data/cambium/2022/LRMER_LowRECost_15/SRVCc.csv,/lib/resources/data/cambium/2022/LRMER_MidCase_15/SRVCc.csv,/lib/resources/data/cambium/2022/LRMER_HighRECost_15/SRVCc.csv,/lib/resources/data/cambium/2022/LRMER_MidCase_25/SRVCc.csv","lb/MBtu,lb/MBtu,lb/MBtu,lb/MBtu","LRMER_LowRECost_15,LRMER_MidCase_15,LRMER_HighRECost_15,LRMER_MidCase_25","CO2e,CO2e,CO2e,CO2e",North-Central,150-200%,SRVCc,None,None,None,None,None,None,Single-Family Detached,Single-Family Detached,Single-Family Detached,1500-1999,1500-2499,Slab,None,"Single-Family Detached, Slab, No Attic, No Garage",1,1,<8,"Brick, Medium/Dark",Wood Frame,2,No,Electricity,70,No,0F,None,No Exterior Use,Uninsulated,50% Usage,No,"AC, SEER 15",100% Conditioned,Central AC,Yes,None,No,"Electric Furnace, 100% AFUE",Ducted Heating,Electricity Electric Furnace,None,None,None,None,No,None,None,None,None,60000-69999,60000-79999,60000-99999,20 ACH50,None,None,None,None,"Finished, R-19",Uninsulated,"Wood Stud, R-7","Summer = 0.7, Winter = 0.85",PJM,100% Incandescent,100% Usage,100% Usage,CR08,None,None,None,None,None,None,None,None,None,None,None,"Cooling Season, 7 days/wk",Left/Right at 15ft,6,Northwest,None,50%,106%,G51051155,"In metro area, principal city",None,None,No,Hour13,99,EF 19.9,95% Usage,Composition Shingles,1,1,2018,31,12,15,None,VA,Renter,1,Low,10,0.118883665,0,2.964423077,11.25,1.115200174,0,3.202576923,Utility Rates - Fixed + Variable,data/simple_rates/State.tsv,Occupied,1970s,1960-79,Electric Standard,Electricity,Yes,Living Space,Norfolk Ns,36.93,-76.28,F9 B9 L9 R9,"Double, Clear, Non-metal, Air",20,0,0,0,0,1698,1698,0,0,1698,20.75,0,35.21,0,50,172,1376,1376,0,123.8,81.76682857805001,1368.93496877445,51.28743728013889,4158.9715568140055,641.5325726069944,0,0,7407.957440743261,172.32578926126666,0,0,2731.129302934939,184.6347742085,0,1945.6988348733837,21.980330262916667,21487.38472288699,0,0,1822.0228432607057,0,0,0,535.44084520465,363.9942691539,21487.38472288699,0,0,0,0,0,0,0,0,0,0,0,0,0,0,0,0,0,0,0,0,0,0,21487.38472288699,21487.38472288699,2401.5,0,2908,11875.1,52970,25864,8255,8.2659,13.7346,17.245,28.789,1101.25,0,5841.5167622658,3622.9057621218,4971.7715364856,4383.6436695436005,5841.5167622658,3622.9057621218,4971.7715364856,4383.6436695436005,0,0,0,0,0,0,0,0,0,0,0,0,2564.499047121815,2564.499047121815,0,0,0,3.98,7407.957440743261,4158.9715568140055,11566.928997557266,9920.455725329723,2.9341666666666666,1.7291666666666667,2.9341666666666666,TRUE,3.8350000000000004,3.8350000000000004
247440,0,252.30163873025225,TRUE,1698,267342,"CBSA Washington-Arlington-Alexandria, DC-VA-MD-WV",No,150%+,4A,4A,Hour1,None,2,Mixed-Humid,None,Standard Efficiency,South Atlantic,South Atlantic,South,"VA, Mclean",Electric,100% Usage,Standard,Yes,100% Usage,Propane,100% Usage,70,No,0F,None,Not Applicable,G5100590,"G5100590, G51059308",Fairfax County,None,318 Rated kWh,100% Usage,20 ft^2,Fiberglass,"10% Leakage to Outside, Uninsulated",Crawlspace,2 ft,None,"data/cambium/2022/LRMER_LowRECost_15,data/cambium/2022/LRMER_MidCase_15,data/cambium/2022/LRMER_HighRECost_15,data/cambium/2022/LRMER_MidCase_25","kg/MWh,kg/MWh,kg/MWh,kg/MWh","/lib/resources/data/cambium/2022/LRMER_LowRECost_15/SRVCc.csv,/lib/resources/data/cambium/2022/LRMER_MidCase_15/SRVCc.csv,/lib/resources/data/cambium/2022/LRMER_HighRECost_15/SRVCc.csv,/lib/resources/data/cambium/2022/LRMER_MidCase_25/SRVCc.csv","lb/MBtu,lb/MBtu,lb/MBtu,lb/MBtu","LRMER_LowRECost_15,LRMER_MidCase_15,LRMER_HighRECost_15,LRMER_MidCase_25","CO2e,CO2e,CO2e,CO2e",North-Central,400%+,SRVCc,Vented Attic,None,None,None,None,None,Single-Family Detached,Single-Family Detached,Single-Family Detached,1500-1999,1500-2499,Vented Crawlspace,None,"Single-Family Detached, Vented Crawlspace, Vented Attic, No Garage",1,1,<8,"Brick, Medium/Dark",Wood Frame,1.4,No,Electricity,70,No,0F,None,No Exterior Use,Uninsulated,100% Usage,No,"AC, SEER 13",100% Conditioned,Central AC,Yes,None,No,"Electric Furnace, 100% AFUE",Ducted Heating,Electricity Electric Furnace,None,None,None,None,No,None,None,None,None,200000+,140000+,150000+,15 ACH50,R-19,Uninsulated,Uninsulated,Uninsulated,"Unfinished, Uninsulated",None,"Wood Stud, R-7","Summer = 0.7, Winter = 0.85",PJM,100% Incandescent,100% Usage,100% Usage,CR08,None,None,"EF 12, National Average",None,None,None,Electricity,None,None,None,None,"Cooling Season, 7 days/wk",Left/Right at 15ft,3,Northwest,None,100%,106%,G51059308,"In metro area, not/partially in principal city",None,None,No,Hour11,99,EF 21.9,100% Usage,Wood Shingles,1,1,2018,31,12,15,None,VA,Owner,1,Medium,10,0.118883665,0,2.964423077,11.25,1.115200174,0,3.202576923,Utility Rates - Fixed + Variable,data/simple_rates/State.tsv,Occupied,1970s,1960-79,Electric Standard,Electricity,Yes,Living Space,Davison Aaf,38.72,-77.32,F12 B12 L12 R12,"Single, Clear, Non-metal",20,543.36,1698,0,0,1698,1698,0,132.6,1898.4,33.42,0,61.09,0,30,0,1376,1611.8,688,165.2,67.99248827995555,999.9584914276222,37.513096982044445,4018.004372061167,915.8470942881944,134.81269227922223,320.0336086280667,17763.03756313839,265.52238957603333,0,0,3255.4334474730445,184.6347742085,0,1945.6988348733837,16.411979929644446,35078.26253105362,1043.3330098131112,1029.8517405851887,2700.063769496683,0,0,0,32.23781771894444,348.1684313646,35078.26253105362,0,0,0,0,0,0,0,0,0,0,0,0,0,0,0,0,0,0,0,0,947.2056987966224,947.2056987966224,36025.46822985024,36025.46822985024,1754,1002.6,4184.5,12455.5,49628,61513,10038,13.1045,23.6119,30.325,55.212,74.5,0,10119.3872270491,6678.331181983999,8987.6062250436,7910.832369748,9858.7303716286,6417.6743265635,8726.9493696231,7650.1755143275,0,0,0,0,0,0,0,0,260.6568554205,260.6568554205,260.6568554205,260.6568554205,4293.232411523831,4180.232411523831,0,0,113,1.61,17763.03756313839,4018.004372061167,21781.04193519956,13297.220595854058,5.090833333333333,2.785,5.090833333333333,TRUE,4.89,4.89
